rotation_x,rotation_y,rotation_z,acceleration_x,acceleration_y,acceleration_z
1.46949,-0.295816,-1.67841,0.130132,0.382277,-0.202414
1.41438,-0.970554,-2.10269,0.247508,0.157758,0.025879
0.22534,-1.18142,-2.25001,-0.0144364,-0.0806711,0.216727
0.69163,-0.665848,-1.65114,0.0649449,-0.197252,0.323801
-0.397729,-0.143896,-0.519639,0.215229,-0.331022,0.379381
-0.761256,0.913148,1.49151,0.23245,-0.280079,0.0575349
-1.06296,1.26293,2.85786,0.0713995,-0.180217,0.070843
-1.28573,0.227659,2.04638,-0.0231584,0.125193,-0.138361
-1.39067,-0.0794305,1.09599,-0.0618174,0.218585,0.00331366
-0.325202,-0.00548379,1.08347,-0.206673,0.468802,-0.110181
0.830093,0.117261,-0.305184,0.343712,0.569119,-0.0599473
1.33444,0.0487192,-2.01985,0.0369598,0.351657,-0.0894324
2.19532,-0.58636,-1.97084,0.235766,0.148192,0.0429587
0.617711,-0.945156,-2.58343,-0.00613606,-0.169939,0.232728
0.803535,-0.763739,-1.99413,0.0927315,-0.253677,0.32373
0.0971999,0.192942,-0.104346,0.401934,-0.347843,0.317294
-0.849752,0.934115,1.83615,0.27219,-0.310586,0.196539
-0.320129,1.42628,2.51555,0.122293,-0.137905,-0.0471143
-1.46649,0.478585,1.90945,-0.0507616,0.0131913,-0.0211291
-0.751729,0.287253,1.53728,-0.0725173,0.340163,-0.174892
-0.364429,0.123524,0.926498,-0.0645533,0.380885,-0.251467
0.644205,-0.0571426,-0.549424,0.404445,0.5011,-0.193666
1.60814,-0.22143,-1.84078,-0.0255541,0.384396,-0.0917419
1.18756,-1.29,-2.22861,0.16527,0.0752147,0.11969
0.146025,-1.09561,-2.69214,0.116817,-0.131718,0.294103
0.106324,-0.810001,-1.87357,0.132229,-0.335244,0.333216
0.0254262,0.292522,0.000517169,0.438143,-0.407447,0.284444
-0.470781,1.53232,2.61473,0.281776,-0.30175,0.112033
-0.427509,1.20993,2.75267,0.259723,-0.141319,-0.145348
-1.58775,0.311188,1.42394,-0.0979301,0.0330209,-0.0194134
-0.629493,0.0318125,1.51054,-0.108445,0.392363,-0.244747
-0.237031,-0.00166792,0.860474,0.0765326,0.460612,-0.147921
-0.071121,-0.569992,-0.921664,0.333712,0.402767,-0.136581
1.85992,-0.43331,-1.94637,0.165894,0.370342,0.0248784
1.36442,-1.12521,-2.60191,0.0447253,-0.0164349,0.114346
0.684669,-1.05922,-2.42324,0.115658,-0.154342,0.238202
0.423026,-0.583878,-1.31826,0.114034,-0.328258,0.321323
-0.00848482,0.414981,0.376759,0.414071,-0.368333,0.266519
-0.906366,1.22493,1.96441,0.184245,-0.273361,0.180746
-1.12022,0.794012,2.23351,0.156614,-0.157294,-0.0387485
-1.34049,0.571177,1.76829,0.035697,0.0439923,-0.0685908
-0.291945,0.380296,1.7991,-0.123437,0.310333,-0.263189
0.0518919,-0.0219961,0.356312,0.13704,0.468427,-0.173773
-0.0356678,-0.67202,-1.22004,0.221533,0.327617,-0.18225
1.39375,-0.68882,-1.65691,0.297701,0.280958,0.0304062
0.680483,-1.13823,-2.40351,0.0382618,-0.0451551,0.166236
0.579084,-0.781484,-2.46497,0.0842666,-0.164776,0.265447
0.31249,-0.347365,-1.11506,0.0733525,-0.334675,0.316301
-0.316152,0.896844,0.912049,0.349706,-0.326111,0.226893
-0.0718463,1.97934,2.46908,-0.0662392,-0.176442,0.0653147
-0.338773,0.857317,2.1217,0.0578264,0.0545554,-0.149136
-1.07351,0.194844,0.477839,-0.0687125,0.0565801,-0.0521384
-0.189698,-0.0467421,0.76158,-0.268499,0.342964,-0.243653
-0.578517,0.232159,0.0392486,0.374893,0.416847,-0.109722
-0.647599,0.0591505,-2.40984,-0.0939289,0.454137,-0.0182429
3.48534,0.025627,-2.07789,0.103717,0.148082,0.106162
0.575657,-0.153363,-1.84722,-0.137002,-0.0800453,0.152161
0.778839,-0.383509,-0.812846,-0.0481493,-0.433697,0.319768
-1.07522,0.666331,1.93107,0.219477,-0.035887,0.23911
2.33866,1.0105,0.473572,0.634702,-0.506455,0.0497096
-2.97969,-0.351301,0.707163,0.211044,-0.518869,0.0103088
-2.12062,-1.01877,1.16773,-0.101942,-0.0806647,0.038834
1.65063,-0.230355,2.23557,-0.0143701,0.355705,-0.00936896
-0.496932,0.0625014,1.40293,0.150033,0.804682,0.100262
-0.0922916,0.0835259,-1.66962,0.267256,0.495452,0.068535
2.72637,0.591097,-2.18376,0.191416,0.468748,0.10805
3.3099,-0.040662,-2.18816,-0.0584834,-0.0231427,0.140985
0.745149,-0.578994,-1.43995,0.23933,-0.314759,0.328701
-1.84476,-0.546542,-0.495735,0.415783,-0.351698,0.408257
0.454399,0.719778,0.781457,0.140694,-0.184728,0.132863
0.344258,0.458389,0.917365,-0.132703,-0.311657,0.0887778
-1.2036,0.502553,1.6795,-0.109906,-0.00272948,-0.0781507
-0.794452,0.612695,1.31277,-0.00654763,0.363512,-0.139394
0.115688,0.183558,-0.5754,0.13089,0.367211,-0.21113
-0.109675,-0.347735,-1.50876,0.121194,0.153007,0.031601
-0.136508,0.0943957,-1.58118,-0.157744,0.119346,-0.154882
2.66626,-0.0774007,-1.48516,0.384127,-0.207854,0.187095
-3.22552,-0.421829,0.585965,0.181065,-0.523812,0.0591985
1.11517,0.158516,2.64026,0.103843,-0.167347,0.0776099
-0.481773,-0.290649,1.65315,0.079317,-0.0261374,-0.145219
-3.09573,-0.25186,0.713565,-0.179596,-0.13778,0.168812
-1.05351,-0.316345,1.37231,-0.0560279,0.500453,-0.0608684
0.717134,0.473311,-0.161538,0.209352,0.424703,-0.138059
1.17827,0.118261,-1.41507,-0.112082,0.232893,-0.0103968
1.05939,-0.515174,-1.45949,-0.153071,0.0537348,-0.000428438
0.952465,-0.49887,-1.34567,0.0706072,-0.102601,0.113539
-0.1416,-0.487121,-0.598728,0.440625,-0.210623,0.216213
-0.7914,-0.345425,0.127672,0.13123,-0.171687,0.300186
1.00598,0.83385,0.890696,0.142957,-0.0686262,0.0424147
0.662647,1.15614,1.17794,-0.0928835,-0.115202,0.0566908
2.11677,0.950517,1.50418,-0.0334088,0.282436,-0.265331
1.91531,-0.30924,-0.000257811,0.562644,0.299762,-0.184139
1.65382,0.00296127,-1.17107,0.323936,0.24178,0.115162
2.28373,-0.344879,-1.28399,-0.360871,0.260223,0.280285
1.66547,0.311596,-1.21043,0.0772494,0.214042,0.467548
0.678482,0.241623,-0.724321,0.135463,0.0377036,0.516565
1.43812,1.4322,-0.665089,0.242925,0.0949223,0.296054
3.41285,1.17964,-1.29713,-0.0546426,0.0831118,0.0185958
1.92561,0.232279,-0.641594,-0.115961,-0.232887,-0.1083
1.22945,0.267804,-0.175383,-0.140362,0.000805318,0.110585
0.101358,0.426185,-0.499031,0.292948,0.16761,0.209366
2.43852,0.493808,-1.13392,-0.274169,0.261083,0.178367
0.911399,-0.140146,-1.47423,-0.145023,0.220416,0.203519
0.587185,-0.0620235,-1.53151,0.188143,0.00317639,0.308944
0.625104,0.215066,-1.27353,0.151937,-0.219299,0.210864
1.3818,1.06493,0.641654,0.338945,-0.320647,0.0369029
0.939124,0.585351,2.91783,0.443434,-0.149447,0.167588
-1.04845,0.730877,1.59098,0.303403,-0.147653,0.261172
-0.506696,0.769054,1.66649,-0.00417531,0.270062,-0.0559363
-0.799823,0.472018,1.49636,-0.306321,0.360041,-0.197512
-0.670212,0.189667,0.745425,-0.0424868,0.460086,-0.331545
0.481411,-0.276524,-0.847777,0.33851,0.644547,-0.41894
1.88236,-1.48933,-2.90959,0.31753,0.272256,-0.0117503
0.156728,-1.99645,-3.494,0.319235,-0.0157474,0.149578
-0.26176,-1.44539,-3.14442,0.102463,-0.341796,0.313455
1.03284,0.184747,-1.33057,0.0917205,-0.509663,0.241969
1.18794,1.36997,1.51401,0.536533,-0.391461,0.20077
-0.00217855,1.55232,2.04153,0.368924,-0.291774,0.208332
-1.54488,1.01524,2.1151,0.202049,-0.105514,0.0962554
-1.45723,1.0696,2.69203,0.113276,0.157293,-0.139948
-1.28769,0.611316,2.75333,-0.0841541,0.43407,-0.278802
-0.129019,0.165425,0.555288,0.164479,0.647627,-0.217893
0.549026,0.371243,-1.1808,0.354215,0.626407,-0.259276
0.530338,-0.527932,-2.26486,0.0167863,0.349747,-0.191748
1.06947,-1.35946,-2.90493,0.0980211,0.0969435,0.0431942
0.439237,-1.33563,-2.99399,-0.0669782,-0.202844,0.236864
0.599283,-0.505468,-1.60659,0.279894,-0.37175,0.368663
0.641957,1.38503,0.726559,0.442111,-0.663109,0.375768
0.0694565,1.77761,3.84388,0.665879,-0.160514,0.18948
0.258358,1.31229,2.33361,0.230286,-0.0123658,0.145883
-3.03635,0.6275,1.47843,0.020524,0.252893,-0.225882
-0.93955,0.431362,2.01003,-0.353791,0.553618,-0.279229
0.105635,0.231537,0.589928,0.472374,0.750975,-0.265942
0.775605,-0.113347,-2.09034,0.30381,0.519531,-0.324644
1.3161,-1.32594,-3.18095,0.193813,0.212288,-0.136796
0.664242,-2.07332,-3.25334,0.192464,-0.0944322,0.137951
0.884539,-1.48383,-2.63771,0.154097,-0.286288,0.319176
0.481559,0.0549234,-0.674701,0.575571,-0.473369,0.485512
-1.16826,1.25697,3.06692,0.536883,-0.278934,0.231654
0.24758,1.31898,2.49059,0.265164,-0.204706,0.334765
-2.44049,1.36135,2.34349,0.109699,0.106392,-0.0427925
-1.12133,1.09568,3.09058,-0.231686,0.41052,-0.322909
-0.92858,0.532286,1.69743,0.317158,0.727444,-0.337878
0.766269,0.381414,-1.37986,0.534995,0.751954,-0.363386
1.67398,-0.717468,-3.25728,0.107622,0.47114,-0.240069
1.49633,-1.98595,-3.63009,0.290149,0.0183842,0.0674486
0.435602,-1.87361,-3.37516,0.072049,-0.261093,0.273553
1.22742,-0.358081,-1.34983,0.675181,-0.45278,0.484663
-0.664808,1.28705,1.55035,0.62286,-0.595508,0.472277
-0.0516453,1.95097,3.35509,0.303102,-0.17921,0.292142
-1.78109,1.4661,2.66474,0.160762,-0.00515863,0.112619
-1.15769,1.33428,2.69037,-0.0326967,0.477546,-0.184372
-1.24923,0.905293,1.67458,-0.165258,0.540527,-0.387476
-1.08936,0.117819,-0.2066,0.370139,0.691098,-0.266912
0.968198,-0.514841,-1.92034,0.210177,0.6179,-0.400352
1.30337,-1.41136,-3.16442,0.207257,0.254077,-0.0686372
1.01168,-1.70264,-3.09525,0.0962867,-0.0411896,0.107232
0.888163,-1.19885,-2.76989,0.2046,-0.282605,0.362585
1.29255,-0.248658,-0.445324,0.739685,-0.387963,0.424139
-1.99234,0.14804,2.02395,0.395949,-0.385702,0.474409
-0.536163,1.57453,2.90269,0.169276,-0.149862,0.0812314
-0.304976,1.54551,2.90054,0.111841,0.0949929,-0.0411649
-1.05023,0.655328,2.36823,-0.256691,0.341731,-0.294594
-1.85723,-0.376084,1.68061,-0.232108,0.545309,-0.406754
0.474269,-0.549977,-0.235947,0.731958,0.604823,-0.25444
1.10352,-0.708389,-1.36726,0.302993,0.637566,-0.352125
0.282559,-1.41243,-2.99515,0.17782,0.262447,0.22248
-1.55664,-1.36809,-4.09107,0.263045,0.0546097,0.496714
3.15643,0.93999,-4.06488,0.261025,0.251229,0.666213
0.758326,1.2103,-3.85124,0.575937,-0.321011,0.737921
1.28319,1.80659,-1.66069,0.437275,-0.465643,0.336258
0.862182,1.77616,1.52618,0.524954,-0.7816,-0.160043
0.468525,2.00372,3.20604,0.493133,-0.559596,-0.348247
0.515081,1.02545,3.95192,0.245677,0.00462574,-0.244291
0.137423,0.274273,3.0504,0.114113,0.456654,-0.126089
1.01384,0.349831,0.823343,0.0179796,0.725724,-0.183518
2.44139,0.813191,-1.75035,0.294274,0.927721,-0.291188
1.84442,-1.07238,-3.94563,0.249382,0.401064,0.0647923
-0.452911,-2.06946,-4.58456,0.592637,0.158424,0.263655
0.353372,-1.23371,-3.99825,0.451304,-0.145722,0.431498
1.98579,0.249249,-2.51768,0.366692,-0.428882,0.438444
4.98438,1.88841,-0.30646,0.88176,-0.307125,0.34566
-1.33598,2.21723,1.12725,0.707221,-0.539797,0.633124
-2.21193,2.39387,3.41037,0.22936,-0.0503138,0.234717
-3.56559,1.21733,3.79329,0.236846,0.186714,0.0913646
-0.543859,0.795378,2.04227,-0.20656,0.632539,-0.339597
-0.565683,0.240576,0.580941,-0.0342675,0.486331,-0.406568
0.0584909,0.33109,-0.531697,0.256754,0.752182,-0.316622
2.00574,-0.692105,-2.66001,0.202589,0.517893,-0.309447
1.16279,-2.00034,-3.45603,0.384389,0.0675617,-0.0104091
-1.31077,-1.86726,-3.55483,0.19843,-0.228257,0.299063
0.676849,-0.799479,-2.3288,0.162065,-0.449946,0.36584
2.02302,1.2783,0.764473,0.430126,-0.37549,0.428509
2.52278,2.84862,2.23276,0.692982,-0.233137,0.464892
-0.684223,1.98323,1.98276,0.463768,-0.215918,0.146506
-2.2639,1.53015,1.21156,0.00523418,-0.0558535,-0.11924
-0.705453,1.29287,2.41453,-0.236832,0.316856,-0.331366
-0.791276,0.616515,1.66534,0.398724,0.461138,-0.409235
0.311021,0.0803574,-0.86462,0.277741,0.565358,-0.451986
1.16592,-1.15412,-2.11846,0.149418,0.389014,-0.277711
0.697585,-1.82698,-2.86697,0.137767,0.0813519,-0.00372893
0.342708,-1.73564,-2.70756,-0.00866598,-0.137398,0.242254
1.87803,-0.559172,-1.22215,0.491758,-0.225988,0.391716
-0.323279,0.741148,0.447183,0.49,-0.492035,0.545953
-0.239453,0.989747,2.14792,0.308469,-0.231959,0.435801
-0.884652,1.44216,2.19066,0.0511818,-0.0894026,0.175959
-1.42462,1.20264,2.43166,-0.0724229,0.206495,-0.147383
-0.230852,0.90294,1.99039,0.023257,0.338642,-0.45136
-0.751586,-0.161013,0.532632,0.334865,0.502549,-0.413017
0.358123,-1.04733,-1.26101,0.373612,0.530032,-0.401491
1.44934,-1.9847,-2.93579,0.178204,0.17386,-0.0189515
0.472163,-2.43532,-3.26881,0.216961,-0.0929663,0.226617
0.360948,-1.3711,-2.54104,-0.0421775,-0.306593,0.487636
1.72458,0.915322,-0.467282,0.451728,-0.248501,0.392307
0.128223,1.91072,1.18707,0.731142,-0.294715,0.364915
-0.545068,2.32401,2.05906,0.154572,-0.172134,0.220115
-2.46842,1.14632,2.14604,0.00961608,-0.0205447,-0.013399
-2.27874,0.814157,1.64567,-0.182684,0.273444,-0.247688
-1.27566,0.257211,1.2342,-0.0437681,0.287767,-0.376398
-1.22609,-0.21892,-0.411141,0.284617,0.41023,-0.246677
0.303239,-0.279215,-1.24269,0.212406,0.43834,-0.234825
1.58557,-0.724378,-2.36114,0.0459916,0.134975,-0.0478131
1.55062,-1.29783,-2.27422,-0.011166,-0.0694803,0.152505
0.79454,-0.777128,-1.71522,-0.123256,-0.221949,0.342522
1.27445,0.734578,-0.175039,0.326356,-0.147381,0.355832
1.91851,1.72066,0.174634,0.475844,-0.234957,0.325364
-0.741596,1.55441,1.69256,0.188119,-0.0474326,0.029694
-1.75538,0.704566,1.50944,0.0325347,0.0386051,-0.03535
-1.49148,0.234283,0.246295,-0.205783,0.180764,-0.0860114
-0.0519435,0.105174,-0.269948,-0.253425,0.102846,-0.148978
-1.00518,-0.319694,-0.522916,-0.190337,0.0122377,-0.107354
-0.0184336,0.256949,-0.203493,-0.116649,-0.0165541,-0.20257
-0.232246,0.390587,0.37821,0.0344914,-0.0815112,-0.273826
-0.593766,0.0461043,0.535084,0.282168,0.0475959,-0.145903
-1.32264,-0.330694,0.378803,0.609917,0.14906,-0.114875
-0.469567,-0.206984,-0.588955,-0.238133,0.0568884,-0.0680017
-1.14134,-0.859374,-1.32767,0.00766814,-0.161338,0.25444
-0.529542,-0.802238,-0.764817,-0.0516357,-0.321428,0.220885
-1.24578,-0.302629,0.578709,-0.190383,-0.0974789,0.119902
0.076198,0.502025,0.0976395,-0.107283,0.145064,-0.0369763
0.241607,0.373187,-0.204345,-0.170187,0.130332,-0.0312106
0.653039,0.643444,-0.0261251,-0.27591,0.048928,-0.115359
-0.0778001,0.450888,0.720303,0.394709,0.0967361,-0.0923321
2.98526,0.235639,0.515204,0.131594,0.231152,-0.320901
0.242803,-1.32224,-0.92096,0.141451,-0.281471,0.159504
-3.09884,-1.02318,-1.16192,0.039523,-0.459736,0.429239
1.70672,0.417615,1.40139,-0.210861,-0.22072,-0.0240309
0.231733,0.742564,1.49633,-0.0213848,-0.17939,-0.0403796
-0.528848,0.519975,1.54835,0.265438,0.327793,-0.477622
-0.336959,-0.606655,0.596904,0.216792,0.3031,-0.332618
0.269454,-1.26018,-1.45869,-0.116289,0.16348,-0.0466694
0.399417,-1.31551,-1.28048,-0.0190758,0.151604,0.144661
1.09123,-0.478294,-1.12733,0.0821568,0.0880976,0.374245
0.143067,-0.238298,-1.12602,-0.0517151,-0.126723,0.422818
-0.849826,0.537007,-0.456304,0.148045,-0.176048,0.332049
-1.0388,0.660975,0.715342,0.416659,-0.223766,0.063321
1.45055,1.1484,1.97372,0.0538496,-0.0885077,-0.663324
-1.75468,-0.584531,1.02952,0.0435523,-0.139908,-0.0381778
-1.40287,-0.769869,-0.34733,-0.0269824,0.134743,0.0138317
-0.191864,0.00313837,0.573196,-0.228528,0.111914,0.0487182
0.400168,0.663248,0.805121,-0.189122,0.181539,-0.0903077
0.269445,0.574308,-0.0217711,0.329606,0.255982,-0.1365
0.984362,-0.0390316,-1.0419,-0.176492,0.201754,-0.137829
1.44393,-0.413719,-1.30913,0.19473,0.0630069,0.000836968
1.43524,-0.364186,-1.69733,-0.0188255,-0.0872657,0.169957
1.14829,-0.126159,-0.705225,-0.0406526,-0.131892,0.270188
0.463798,0.375944,0.246285,-0.00155801,-0.115437,0.334428
-1.04073,0.563846,0.7587,0.417602,-0.0417839,0.284705
-0.884354,0.660844,0.707372,-0.0866454,0.0118507,-0.0185208
0.841305,0.458746,0.113607,0.0413002,-0.000515103,-0.197367
0.540701,-0.0579954,0.138269,-0.0427663,0.0466801,-0.210231
0.80697,-0.158624,0.129234,-0.0845361,0.0706899,-0.0332122
0.652498,0.00673515,-0.0593952,-0.0767171,0.0946105,-0.0333328
0.548465,0.0343841,-0.175356,0.123196,0.105433,0.00742888
1.10767,0.0909574,-0.567886,0.0919046,0.149131,-0.0164165
1.30898,-0.302563,-0.721645,0.0991107,0.0185707,0.142854
0.617217,-0.226596,-0.9491,-0.0467919,-0.0311704,0.188533
0.409869,0.0214703,-0.900198,-0.0143459,-0.0489395,0.266973
0.298643,0.431428,-0.471622,-0.0437697,-0.102661,0.24474
-0.168167,0.58679,0.207293,0.298308,-0.0277281,0.128228
0.300141,0.272594,0.327546,0.218736,-0.0189148,-0.110465
1.20194,0.431294,-0.157319,0.197441,-0.15076,-0.1529
-0.373111,-0.314899,0.0489021,-0.106613,-0.195262,-0.0744466
-0.17726,-0.230552,0.720071,-0.00242043,-0.0640066,-0.00444221
-0.081871,0.223145,0.594615,-0.0805591,-0.0020673,0.0249911
0.0364586,0.761052,0.377881,0.0949447,0.0977618,-0.0139254
1.17214,0.251896,-0.135969,-0.541655,0.0994977,-0.0830113
0.105791,-0.303369,0.129685,0.339432,0.175783,0.0240384
0.44706,-0.150096,-1.25795,-0.0776597,0.124486,0.0910699
-0.087415,-0.0156215,-1.55785,-0.081952,0.00173578,0.175266
0.151158,0.0743726,-0.692095,0.189771,-0.0701236,0.205901
0.52015,0.159056,0.245763,0.474295,-0.0143636,0.134321
2.44039,1.62421,-0.387998,-0.0155605,-0.19487,0.119036
0.233108,0.896718,0.46535,-0.222932,-0.0590639,0.100581
1.89028,0.475949,0.0201928,-0.00116593,0.0817151,-0.164206
2.36273,0.651945,0.0763794,-0.143568,0.0278298,0.0714595
2.4069,1.05319,0.477818,-0.00836229,0.00167304,0.106595
1.82445,0.974083,0.191944,-0.0554883,0.0359883,-0.0589163
1.4906,0.763342,-0.737491,0.102748,-0.0152104,-0.0474809
0.00582612,-0.0968385,-0.92552,0.270465,-0.237764,0.328769
-0.868701,-0.1455,0.190188,0.046725,-0.0190796,0.255558
0.10758,0.334016,0.549731,0.0090099,-0.00949365,0.211432
0.0480872,0.268651,0.40676,-0.0480958,0.0471029,0.110919
-0.550575,-0.219881,-0.058157,0.0993187,0.0522698,0.108104
-1.16528,-0.50411,-0.373809,-0.0207063,0.050351,0.0731436
-0.833185,-0.3354,-0.267883,-0.0416883,0.0956026,0.0200835
-0.447729,-0.250636,-0.496704,-0.00029254,0.0957223,-0.0301363
-0.618441,-0.33388,-0.52779,-0.0174029,0.033765,-0.0309024
-1.49124,-0.536192,-0.535088,-0.053495,0.00837383,-0.0755901
-0.957241,-0.327651,-0.166896,-0.129379,0.0633798,-0.150129
0.0258862,0.285986,1.147,0.166685,0.106671,-0.175326
1.83975,-0.275553,0.903141,0.00434464,0.139707,-0.0714833
0.24756,-0.595968,-0.368992,0.0211929,-0.0609035,0.126292
-0.202968,-0.410181,0.0010062,-0.0964152,-0.00910941,0.166397
0.300497,0.522931,0.542817,-0.174494,0.00841951,0.0669333
0.884407,0.622888,0.535808,-0.137878,0.0654641,-0.0514919
0.689397,0.315567,0.0252844,0.108423,0.076812,-0.166196
-0.00998964,-0.505658,-0.148304,0.402926,0.00748518,-0.248138
0.83057,-0.327523,-0.541638,-0.175417,0.0166611,0.0599566
0.602945,-0.575154,0.0809528,0.002684,0.112173,0.259601
-2.00826,-0.165709,-0.253081,-0.0894112,0.108236,0.22001
-0.0412234,-0.340365,-0.931596,-0.00639117,0.197987,0.320459
0.0886485,0.102872,-1.52591,0.00185817,0.037109,0.212822
0.803017,0.494308,-0.946669,0.195171,-0.122746,0.14245
1.51681,0.705879,0.620976,0.152596,-0.12145,0.0362243
1.84695,0.867168,0.757927,-0.149866,-0.191873,0.0099045
-0.241605,0.210477,0.611193,0.0584359,-0.097903,0.0436718
0.406053,0.487183,0.914194,-0.0279787,0.0852721,0.0448279
0.553698,0.513947,1.01287,-0.0612358,0.154517,-0.0365237
0.641587,0.201987,0.414756,-0.0246688,0.253574,-0.175588
-0.112444,-0.528992,-0.708404,0.259084,0.190556,-0.110327
0.86729,-0.586807,-0.970403,-0.166438,0.227759,0.0142866
1.51424,-0.429173,-0.954045,0.157772,0.130366,0.132411
0.888807,-0.584494,-1.47037,0.00446868,-0.00907575,0.269009
0.27377,-0.473022,-1.52041,0.027909,-0.140535,0.327877
0.346088,0.251059,-0.361294,0.0664817,-0.188269,0.246211
-0.329311,0.639351,0.87306,0.313228,-0.193789,0.196866
-0.101116,0.853016,1.59587,0.0961988,-0.0442687,-0.0143436
-0.420394,0.697256,0.959955,0.0239398,-0.0313775,-0.0459377
-0.702894,-0.128967,-0.0582497,2.6226e-05,0.0412202,-0.118335
-0.912238,-0.0848547,0.031497,-0.119216,0.0323355,-0.0272476
-0.0649104,0.258796,0.220491,-0.134991,0.0590197,-0.113755
-0.147729,0.0546375,0.109316,-0.0239798,0.018485,-0.138952
0.250492,0.157854,0.053511,0.190213,0.131328,-0.157467
0.451192,-0.568317,-0.351315,0.13693,0.111793,-0.0840533
1.16082,-0.289962,-0.910328,0.00346071,0.00360852,0.0806433
0.170117,-0.61717,-0.310382,-0.0234061,0.0123654,0.175468
0.0239102,-0.291688,-0.556644,-0.0116574,-0.0171002,0.262727
-0.368069,0.0125916,-0.206428,0.0326338,-0.0786286,0.219412
-0.759624,0.0916391,0.234999,0.150722,-0.107853,0.154964
-0.750407,0.317058,0.865024,0.374178,-0.0552497,0.0647932
-0.478624,0.773863,1.37166,-0.486242,0.0135486,-0.056999
-0.295478,-0.0314794,0.889289,0.102983,0.14595,-0.125697
-0.314252,-0.213403,0.0826517,-0.0366945,0.170488,-0.0748278
-0.190778,-0.205612,-0.295168,-0.155583,0.154562,-0.112108
0.236789,-0.200819,-0.423949,-0.0320609,0.0796108,-0.123964
-0.0180945,-0.384707,-0.62351,0.0428438,0.0149261,-0.0239617
0.732225,-0.17312,-0.25239,0.337361,0.124353,-0.0544732
0.918591,0.125449,-0.473728,-0.19968,-0.0261357,0.148468
0.330617,-0.164692,0.117871,0.116002,0.118774,0.182714
0.245436,0.158204,-0.970083,-0.122744,0.0920375,0.203591
1.03165,0.406292,-0.479399,-0.0615103,0.0303191,0.136587
0.981657,0.708475,0.0419944,0.325946,0.103446,0.11267
1.3425,0.449765,-0.529804,-0.373465,0.0145028,0.0484244
2.43818,0.449035,-0.473343,0.194917,0.0825309,0.0027622
2.16249,0.636989,-0.621972,0.00608742,0.0649661,0.0797028
3.21088,0.871765,-0.299033,-0.13126,0.143371,0.0673085
2.9942,0.561332,-0.155728,0.137001,0.220607,0.0739492
2.86111,0.232504,-0.110286,0.0450109,0.279014,0.155716
2.25416,-0.00295791,-0.0234212,-0.0617425,0.364545,0.285513
2.28712,0.0134596,-0.394155,-0.0216864,0.37665,0.28624
2.50356,0.150806,-0.559847,0.11961,0.38665,0.258404
2.2311,-0.183686,-1.36965,0.09423,0.282217,0.252213
0.806565,-0.160344,-2.07604,0.147607,0.102563,0.234654
1.08536,0.204028,-1.28029,-0.0216781,-0.0178844,0.193109
0.745248,0.599887,-0.460359,0.328703,-0.0535652,0.154955
2.19077,1.09212,-0.567118,-0.0883057,-0.0935003,0.0299619
1.78857,0.664748,-0.791297,0.048099,-0.191152,0.0666913
1.74295,0.677524,-0.224204,0.0520285,-0.140873,0.0778378
1.81947,0.686263,-0.0808019,0.0840456,-0.0903294,0.0943081
1.98199,0.582708,0.0241171,0.117038,-0.0167291,0.120699
1.08491,0.34003,-0.475566,-0.0386815,-0.0878007,0.123168
0.830435,0.552814,-0.465077,-0.00231564,-0.149522,0.12504
1.02337,0.408819,-0.260417,0.0820414,-0.131668,0.0962555
-0.986281,0.0909626,-0.249853,0.0280466,-0.199169,0.0755159
-1.21181,0.102986,-0.190941,0.0223605,0.0910946,-0.0366167
0.685086,0.108802,-0.320639,-0.0111442,0.0408302,-0.00315183
0.365617,0.185684,-0.47512,-0.0136513,-0.0260295,0.0533234
0.361088,0.432327,-0.541913,-0.0350866,0.0170218,0.0730766
1.35181,0.391244,-0.393695,0.00395501,0.0738065,-0.00656509
1.37963,0.29834,-0.365211,0.0437975,-0.104171,-0.00896215
0.612374,0.371075,-0.0309252,0.039988,-0.155238,0.0646572
-1.56952,-0.267709,0.249255,0.124238,-0.110452,0.00823605
-1.57901,-0.162561,-0.100846,-0.0700349,-0.0869187,0.0428608
-1.24002,-0.647612,1.21669,-0.0420479,-0.366231,0.0420762
-2.52719,-0.487822,1.01851,0.352368,0.20822,-0.243
-0.232905,-0.961114,0.745961,-0.0200523,0.301855,-0.217309
-1.05409,-0.625658,0.412697,-0.106792,0.153363,0.149591
-0.128426,-0.423062,-0.00505163,-0.242415,0.121411,0.111691
-0.36702,-0.268928,-0.540098,-0.188808,-0.039153,0.0622907
-0.338298,-0.171593,0.156005,-0.0697593,-0.0887328,0.106281
-1.80017,-0.209203,1.22884,0.418658,0.0171125,0.0932455
-0.0470691,0.471292,1.40301,-0.0793842,0.0543237,-0.157011
-0.702112,-0.826298,0.669608,0.219721,-0.0503817,0.0610113
-2.17455,-0.547021,0.304353,-0.329351,-0.0694951,0.0503433
1.96744,0.64758,1.68294,-0.400403,0.169168,-0.0682368
1.65338,0.747667,1.36164,0.160157,0.35902,-0.169153
1.08985,0.18732,-1.06114,0.295674,0.275796,-0.0926958
0.908001,-0.479698,-2.01162,-0.035169,0.257687,-0.0662609
0.921832,-0.476021,-1.12478,0.316116,0.163336,0.0388947
0.544292,-0.503029,-2.0716,-0.135126,-0.0175101,0.27686
0.326139,-0.368654,-1.68117,0.161699,-0.131387,0.262102
-0.789084,0.141795,-0.419335,0.174157,-0.224604,0.247566
0.282404,0.645467,0.357107,0.294453,0.129529,0.00231987
0.265888,-0.110269,-0.554785,0.183348,0.0664462,-0.124809
-1.55969,-1.28339,-0.866001,-0.104523,-0.20493,0.0383097
-0.0636323,-0.687287,-0.193279,-0.249991,-0.0193847,-0.099841
1.06667,-0.461333,-0.604001,-0.17183,0.105746,-0.0455831
0.694474,-0.563235,-1.00647,0.0366629,0.269947,-0.0568209
1.09371,0.00914638,-0.934963,0.136103,0.334025,-0.13976
1.40454,-0.435033,-1.3006,0.0859595,0.122234,0.0702399
0.448049,-1.18322,-1.35596,0.149918,0.0536501,0.0140746
0.0201997,-1.45159,-1.07268,-0.0984693,0.0545022,0.105672
0.62553,-1.38108,-1.41492,-0.0495016,0.0584168,0.172504
1.43527,-0.0707263,-0.648961,0.0824833,-0.0431635,0.111182
1.07723,0.680231,-0.188258,0.341918,-0.0850292,0.0843421
0.668103,0.608991,-0.176506,0.563076,-0.0166499,0.0971231
0.948422,0.637643,-0.163891,0.207214,0.29935,0.0303314
0.725849,0.00619093,0.268885,-0.0870829,-0.0897506,-0.0308431
-0.423944,-0.319659,-0.254708,0.0486177,-0.104445,0.0434401
0.0275319,-0.140034,0.0353672,-0.0114774,-0.0813388,-0.00427151
0.0410575,-0.233815,0.167445,-0.0511578,-0.07222,-0.0190339
0.182971,-0.144149,0.193038,-0.0387965,-0.0351784,-0.0182394
0.144092,-0.153573,0.284841,-0.0105501,-0.0233381,-0.0131973
-0.0155174,-0.211063,0.326286,-0.0113821,-0.0717895,0.0327438
0.118031,0.174191,0.173637,0.00404051,0.0273477,-0.138414
0.123071,0.0341907,0.138235,-5.25713e-05,0.00333897,0.0554781
0.00931665,-0.241335,0.740063,0.00364104,0.0592303,-0.0408446
0.136383,-0.12418,0.596608,0.0468814,-0.0131823,-0.00728548
0.168382,-0.273719,0.61586,0.0354806,0.041898,-0.0174206
0.338654,-0.445864,0.596246,0.0642292,0.0180967,-0.0164005
0.47548,-0.486736,0.495521,0.0502452,0.0145011,-0.00131291
0.522848,0.0170403,0.887756,-0.0497973,0.13555,-0.0909089
0.552244,0.80893,1.09963,0.179485,-0.0120724,-0.0844738
0.087576,0.734174,0.910327,0.000103414,0.002197,0.0817071
0.00358477,0.696911,0.944442,-0.00558528,0.0114399,0.0696878
-0.203916,0.115823,0.864096,-0.0999565,0.00308394,-0.0140386
0.000463934,0.118058,1.00909,0.0379371,-0.0300968,0.00289702
0.0395442,0.0776546,1.13344,0.0575289,-0.125822,-0.130193
0.366633,0.0915959,1.30659,0.0177811,0.0249249,-0.00871485
0.145518,0.632964,1.69971,-0.0842256,0.0346257,-0.00586164
0.138357,1.02,1.8927,0.211796,0.0148383,-0.0791911
-3.77818,-0.149313,-0.807938,0.173362,0.182478,-0.134847
0.108326,-0.691614,-1.37111,-0.277357,-0.16599,0.00701404
-0.90066,-0.486351,-0.49047,-0.0852631,-0.259672,0.0685167
-2.52971,-0.00825237,0.375389,0.0928026,-0.299349,0.0507486
-0.73255,0.0853865,1.55574,-0.00283305,-0.180342,0.101174
1.2324,1.60158,0.197403,0.080466,0.106389,0.804137
0.67849,2.80466,0.115941,0.0500892,0.0912436,0.690437
0.900237,4.14247,-0.162221,0.116274,0.552782,0.378602
1.8089,4.38305,-1.46602,0.380976,0.505573,-0.0178174
3.40793,4.09458,-2.02444,0.633917,0.347343,0.12538
3.99522,2.17707,-1.81963,0.584862,-0.48536,0.306343
2.10128,1.99041,-0.64594,0.10546,-0.17787,0.254466
2.11515,0.715929,-0.704937,0.588463,-0.233784,0.304642
-0.985244,-0.304841,-0.575302,-0.214237,-1.04116,0.000593483
0.803428,0.418201,0.732351,-0.151409,0.163602,0.0168124
-0.483285,-0.0134369,0.128796,0.0444027,0.232521,-0.268726
0.473397,-0.501095,-0.385862,0.282405,0.407852,-0.277135
0.480474,-0.195262,0.413516,0.120958,-0.0462694,0.408079
-0.146161,0.22505,-0.178134,-0.22753,-0.318315,0.248801
-0.680468,-0.0029383,-0.0611254,-0.187818,-0.0950421,0.0232247
-1.02057,-0.160055,-0.260112,-0.183702,0.169276,-0.554408
0.82877,0.0946324,0.188567,0.360022,0.276672,-0.186242
-0.373998,-0.907291,0.310226,0.190987,-0.243374,0.405408
-1.70667,-0.536216,-0.0326604,-0.0379404,-0.0940594,0.44836
0.0349065,0.225515,0.166584,-0.306602,-0.00972706,-0.234933
0.483365,-0.121216,-0.000440561,0.0238869,-0.206303,-0.110107
-0.06871,-0.257236,0.166119,0.383249,0.269316,-0.323421
0.774892,-0.935849,0.358521,-0.0550957,-0.0595402,0.121971
-0.381309,0.049275,0.6053,0.23811,0.0954372,0.501021
-0.94033,0.018966,0.135423,-0.121006,-0.22593,0.109949
-1.62733,-0.222575,0.376955,-0.211669,-0.153529,-0.0435016
-0.262094,-0.579481,0.285015,-0.123929,0.127798,-0.330655
0.467322,0.357573,0.124607,0.16273,0.324811,-0.2937
0.957604,-0.415259,0.040636,-0.0537461,-0.0527111,0.203734
0.0475137,-0.579092,0.0308131,0.236122,-0.142318,0.478554
-1.3488,0.201799,0.0557807,-0.325819,-0.0969995,0.144834
0.340809,0.212498,0.184906,-0.0486869,-0.101299,-0.406708
-0.270005,-0.199696,-0.00275426,0.162592,-0.0572916,-0.130579
0.456408,-0.507607,0.159026,0.398694,0.295951,-0.233221
-0.677801,-0.219728,0.582427,-0.0970162,-0.00196469,0.566815
-0.0693653,0.392696,-0.18,-0.015704,-0.0272012,0.184984
-0.41012,0.16797,0.0531037,-0.16947,-0.0708604,-0.0264845
-0.695083,-0.387021,0.202011,-0.120552,-0.0333388,-0.237296
0.0667327,-0.156907,0.177728,0.099906,0.167589,-0.138911
1.07971,-0.454993,-0.0270291,0.208681,0.338163,-0.208443
0.34909,-0.326939,0.19271,0.249263,-0.0879833,0.391357
-1.08039,-0.165081,-0.106448,-0.0804552,-0.1414,0.329515
0.0146763,0.43487,0.150192,-0.19394,0.0429752,-0.173188
0.092213,-0.133768,-0.0178523,-0.0505718,-0.202203,-0.142362
0.000248984,-0.103578,0.102342,0.402357,0.0222459,-0.220544
0.412459,-0.72949,0.313086,0.0812509,0.128089,-0.0268225
-0.721665,-0.174133,0.370415,0.0707443,0.107485,0.533173
-0.787393,0.439512,0.014671,-0.108804,-0.146869,0.183551
-0.524179,0.189403,0.0429194,-0.209132,-0.0142612,-0.20578
-0.197533,-0.367874,0.371498,-0.0210435,-0.0771089,-0.220963
-0.608187,-0.318871,0.116418,0.35978,0.117316,-0.166763
-0.636954,-1.1092,0.187681,0.0129203,-0.105407,0.219607
-1.03887,-0.791126,0.479002,0.241067,-0.333349,0.380245
-1.31001,-0.155275,0.515535,-0.22734,-0.155047,0.122903
-0.843421,-0.374916,0.340275,-0.00791818,-0.210379,-0.226218
-0.890201,-0.638969,0.202915,0.2977,0.0323775,-0.0848752
0.254018,-1.03643,0.0377554,-0.0128163,0.00584751,-0.141436
-0.477864,-0.5137,0.545548,0.158585,0.0156391,0.561823
-1.19507,-0.335453,0.153861,-0.111483,-0.184772,0.0935687
-0.860456,-0.284117,0.334282,-0.105819,-0.147365,-0.051051
-0.159251,-0.256537,0.526911,-0.0381041,0.155377,-0.388657
0.695392,-0.0879569,0.173224,0.527851,0.280206,-0.220622
-0.0885599,-0.689038,0.627209,-0.00674355,-0.416593,0.399761
-1.78279,-0.716302,0.796266,-0.00603861,-0.154696,0.301593
-1.33131,-0.487103,0.725955,-0.096589,-0.00969613,-0.0575939
-0.84174,-0.367574,0.264375,-0.0658501,-0.152627,-0.252414
0.166281,-0.333386,0.0916314,0.407345,0.225178,-0.475139
-0.154627,-0.741946,0.274715,-0.13494,-0.221308,0.305839
-0.216018,0.113095,-0.0900569,0.0730856,-0.0767317,0.431534
-0.230143,0.418041,0.193187,-0.188565,-0.1616,0.0389405
-1.18721,-0.23953,0.0336019,-0.107976,0.0136989,-0.247159
0.148422,-0.167752,0.119339,0.098408,0.187953,-0.37083
0.350971,-0.773765,0.0129083,0.315643,0.0374868,0.0908793
0.372264,-0.0479648,0.301036,0.261966,-0.290178,0.419975
-1.40523,-0.350323,0.111501,-0.140673,-0.0161926,0.033567
0.229072,-0.0984868,0.0582902,-0.19511,0.041304,-0.296989
0.380425,-0.0943147,0.0663096,0.0700113,-0.147176,-0.144874
-0.713925,-0.765616,-0.0637872,0.506395,0.123497,-0.236297
-0.369936,-0.494466,0.596045,0.0683287,0.111245,0.42277
-0.470387,0.0767469,-0.216851,0.0196339,-0.325233,0.253112
0.164759,0.270547,0.317424,-0.216817,-0.0944479,0.0496524
-1.17893,-0.459313,0.189981,-0.0849649,0.057856,-0.224513
-0.229597,-0.330807,0.173471,0.111242,0.104954,-0.204895
-0.650436,-0.579642,0.0239246,0.173472,-0.0201241,-0.0330641
-0.318192,-0.826044,0.369739,0.376733,-0.45445,0.303576
-1.90614,-0.709729,0.836361,-0.0928443,-0.232885,0.365767
-1.31519,-0.518047,0.751856,0.0135584,-0.0211031,-0.239553
-0.694004,-0.708185,0.411374,-0.104128,0.0234703,-0.348892
-1.37623,-0.42032,-0.198857,0.238236,0.179422,-0.258663
0.80666,-0.278329,0.088328,-0.0128324,-0.0219848,0.25391
-0.122538,-0.253707,-0.282856,0.016976,-0.464089,0.262344
0.317539,0.293293,0.562524,-0.0939261,-0.0638683,0.102798
-1.55831,-0.169604,0.154629,-0.0580264,0.0360227,-0.22842
0.0481929,-0.548986,0.141734,0.168192,0.29533,-0.284985
0.268948,-0.881569,0.0261214,0.17809,0.0593789,-0.000689149
0.890157,-0.67817,0.545324,0.257097,-0.391195,0.333545
-2.28803,-0.185471,0.538778,-0.0974281,-0.183021,0.418989
-1.01866,0.0141516,0.401199,-0.0607638,0.0732529,-0.362413
-0.162865,-0.52322,0.124751,0.00613648,0.0378415,-0.320029
-1.28296,-0.751315,-0.0734911,0.187673,0.0690693,-0.340968
0.280835,-0.834223,0.227793,0.00863439,-0.222771,0.310338
0.0607812,-0.0521033,0.242197,0.133708,-0.123256,0.455885
-1.00671,0.12208,0.429393,-0.168586,-0.122952,0.0848671
-1.71496,-0.397739,0.349977,-0.0763742,0.0342364,-0.159408
-0.19045,-0.51858,0.32228,-0.0230221,0.241365,-0.284727
-0.332497,-0.599297,-0.0826708,0.122085,0.321238,-0.153005
1.07019,-0.367073,0.155066,0.260446,-0.139296,0.219502
-1.90125,-0.317443,0.372264,-0.0339215,-0.504767,0.391659
-0.767868,0.355093,0.614687,-0.101948,0.0487286,-0.0228679
0.0592168,-0.130216,0.165772,-0.0793285,0.169552,-0.395607
-0.222184,-0.529034,-0.172465,0.148825,0.0818375,-0.0906944
0.34797,-0.455741,-0.161187,0.150748,0.37487,-0.140629
0.748753,-0.0394635,-0.173072,-0.00630367,-0.171,0.41583
-0.00526666,0.535816,-0.164666,-0.0272893,-0.235515,0.301465
-0.633114,0.451394,0.155133,-0.162677,0.0160569,-0.147195
-0.683367,-0.174801,0.00408097,-0.130962,0.154322,-0.210553
0.158946,-0.0893857,-0.265774,0.116518,0.159052,-0.225725
0.209666,-0.391803,-0.309565,0.295066,0.228957,0.00605917
0.448517,-0.153448,-0.123239,0.310199,-0.22229,0.261341
-0.339176,-0.322885,0.379217,-0.145002,-0.164915,0.0600203
-0.276195,0.114685,0.181089,-0.160561,0.0351698,0.0137113
-0.0586549,0.129213,0.0311584,-0.0370061,-0.132973,-0.163329
0.392094,0.31579,0.0209524,0.243652,0.25441,-0.209371
1.04397,-0.405692,0.0494397,0.0259376,0.0657979,-0.143224
0.20942,-0.206926,0.345262,-0.0299295,0.222295,0.453511
0.422291,0.484,-0.289874,-0.130141,-0.0706345,0.145162
1.10836,0.812714,-0.161224,-0.190958,0.066033,-0.101242
-0.375006,0.279766,-0.143024,-0.0751544,-0.0497779,-0.127521
0.224498,-0.0836206,0.00475104,0.29867,0.175163,-0.392328
-0.631355,-0.950738,0.397152,0.0721799,-0.162124,0.295851
-0.953515,-0.872639,0.32706,0.154108,-0.193729,0.279485
-0.89406,0.0129693,0.389921,-0.280685,-0.0332561,0.28457
-0.00038291,0.510674,0.11972,0.0177385,-0.0283374,-0.244707
-0.208866,-0.429251,0.0855032,0.0420268,-0.0321133,-0.350851
0.025607,-0.619832,-0.0651714,0.128617,0.225963,-0.139575
0.22369,-0.466658,0.260452,-0.0740362,-0.0200989,0.403853
-0.180381,0.234654,-0.199697,-0.0731385,-0.096903,0.244142
0.279096,0.444025,0.00046442,-0.132146,-0.0448459,-0.0170645
-0.56062,-0.211144,0.043238,-0.0904746,-0.0149054,-0.145841
-0.182427,-0.610895,0.0686156,0.21784,0.190978,-0.291165
-0.118969,-0.768838,0.182063,-0.030988,0.024686,0.128332
-0.114265,-0.613848,0.241979,0.321482,-0.241852,0.243006
-0.939102,-0.117381,0.353199,-0.272186,-0.0771325,0.295835
0.0750758,0.262776,0.109856,0.105507,0.0534945,-0.342455
0.363196,-0.368526,0.238969,-0.116341,-0.075132,-0.0303747
-0.195197,0.229666,-0.00419541,0.210159,0.123552,-0.0952637
0.745505,-0.184417,0.00949027,-0.0712076,-0.0171458,-0.00556511
0.113548,0.313735,-0.0538024,0.104828,0.212787,0.420624
-0.147982,0.339112,-0.314577,-0.213758,-0.138114,-0.0260601
0.316486,0.319821,-0.15031,-0.00909048,0.0556517,0.0396258
0.164835,-0.229449,-0.337501,-0.0567771,0.110734,-0.278772
0.88476,-0.174249,-0.224044,0.442142,0.520629,-0.0589048
0.614737,0.153713,-0.328686,-0.0155981,-0.0566121,0.278061
1.11622,1.26292,-0.489993,-0.202786,0.271119,0.261753
1.89211,1.75991,-1.21472,-0.186807,0.244587,-0.0131302
2.60318,1.99383,-1.52877,-0.0797417,0.229735,0.225998
2.29556,2.25445,-1.67799,0.0541459,0.249024,0.298471
2.08544,2.17155,-1.52865,-0.072584,0.0449771,0.361978
1.92824,2.35262,-1.2836,0.0803012,0.156539,0.339072
1.63225,2.12542,-1.22661,-0.0637761,0.183551,-0.0301211
2.83636,1.69976,-0.996035,0.0413054,0.181377,0.0631875
1.91341,1.20941,-0.809333,0.0172895,-0.0814776,0.196481
0.604501,0.99835,-0.512633,-0.00918031,0.0672829,-0.0297667
2.11682,0.396764,-0.575724,0.142941,0.0675567,-0.0874563
1.49228,0.174416,-0.937755,0.0592574,-0.155009,0.320192
0.417266,0.341599,0.129859,0.0174279,-0.458303,-0.159057
0.911065,1.19976,-0.046947,-0.0105543,0.0624,0.0741866
0.467847,1.17522,-0.217263,-0.134632,-0.22315,-0.00346547
1.64296,1.26721,-0.249787,0.278095,0.158816,-0.297459
0.566909,0.353819,-0.148528,0.0496455,0.0761908,-0.0488305
-0.291468,0.62663,-0.280657,-0.188106,0.0934115,0.347696
1.16668,1.27443,-0.605273,-0.0675377,-0.00448364,0.19659
0.789218,1.17028,-0.463907,0.0525303,0.0748319,0.0831996
0.609811,0.522308,-0.294769,-0.050162,0.0152874,-0.167556
0.547521,0.0643336,-0.157406,-0.0572175,0.0537503,0.0565418
0.526146,0.3167,-0.0127472,-0.00589854,0.0698355,-0.039703
0.156572,-0.0696045,0.048208,-0.135539,0.0250597,-0.154065
0.436549,-0.0880468,0.00770671,0.160509,0.30566,-0.0890205
0.768581,0.0479816,-0.250498,0.0110279,-0.0682579,0.335748
0.305128,0.988219,-0.32778,-0.0629922,-0.0987092,0.284343
1.51074,1.45206,-0.282465,0.023512,0.0117337,-0.136431
0.829948,0.638434,-0.375899,-0.0373341,-0.170403,-0.0444201
0.224509,0.147838,-0.192281,0.0986879,-0.175509,-0.0660365
-0.163672,-0.137132,-0.222873,0.0897118,-0.0597448,-0.088719
0.720671,-0.490263,-0.195901,0.147125,0.460815,-0.224781
0.385934,-0.173607,-0.0742005,0.191279,0.0804447,0.474646
-0.279438,0.0780525,-0.00139702,-0.0599099,-0.436796,0.282488
-1.24142,0.228666,0.191688,-0.0421667,-0.053861,-0.0522953
0.0857477,-0.187182,-0.0250184,-0.256556,0.143706,-0.38975
0.323961,-0.172543,-0.103288,0.0946957,0.0367126,0.0119427
0.551512,-0.367992,0.0142245,0.398615,0.0888089,-0.225353
-0.434518,-0.580046,0.494845,-0.0129724,-0.369324,0.339852
-1.29586,-0.427097,0.234201,0.0544974,-0.128846,0.262942
-0.443066,0.0650487,0.432935,-0.0665478,0.0191933,-0.041468
-0.436821,-0.408451,0.272554,0.0490522,-0.157395,-0.279097
-0.549052,-0.639922,0.412533,0.127699,-0.0364717,-0.10773
-0.200811,-0.624842,0.0248268,0.0475865,0.231254,-0.204797
0.797633,-0.330176,0.365351,0.0352001,-0.0854298,0.285293
-0.131485,-0.0566776,-0.0149265,0.112378,-0.0368477,0.294477
-0.370316,0.353895,0.100115,-0.162504,-0.0586481,0.0589062
-0.374111,-0.0895118,0.0399358,-0.0825939,-0.0237688,-0.255209
0.0671193,-0.0300039,0.0529562,0.0587443,0.0724065,-0.153018
0.227137,-0.15,-0.0824289,0.279509,0.211246,-0.385604
0.102216,-0.434524,0.256578,0.175564,-0.0780477,0.352201
-1.13988,-0.49073,-0.0468738,-0.0672272,-0.183744,0.335022
-0.470583,0.382777,0.0792509,-0.147057,0.018989,-0.0346545
0.680185,0.13168,-0.0729422,-0.0459335,-0.0726102,-0.283947
0.250025,-0.0708329,-0.00379137,0.230579,0.0614783,-0.140888
0.653515,-0.329702,-0.0369284,0.000585198,0.107977,-0.0295001
0.438629,0.0718336,-0.193127,0.0111011,0.0791636,0.443137
-0.185379,0.436618,-0.162571,-0.130717,-0.243303,0.277939
-0.750962,0.340981,-0.120261,-0.0899109,-0.057445,-0.119764
0.474235,-0.155557,-0.0985627,-0.0461845,0.104957,-0.321999
0.474442,-0.325625,-0.226743,0.250347,0.212391,-0.278582
0.885841,-0.905225,0.200592,-0.0181981,-0.21106,0.315513
-0.470478,-0.618389,0.543037,0.143802,-0.298034,0.517955
-0.907508,0.360527,0.604502,-0.0561754,-0.121734,0.198382
-0.622394,0.224986,0.186548,-0.0296713,-0.0373281,-0.217494
0.112399,-0.124937,0.149898,0.0930176,0.0805923,-0.319883
0.369294,-0.559036,0.0286672,0.0560072,0.0550616,-0.189396
-0.283071,-0.368957,0.322021,0.10079,-0.00829005,0.518056
-0.298627,0.239339,-0.0174753,0.00511009,-0.140285,0.207361
-0.928095,0.308552,0.195547,-0.0486954,-0.0847979,0.080948
-0.759072,-0.472426,0.200175,-0.0927407,-0.000433147,-0.454851
-0.218339,-0.41394,0.281953,0.19875,0.0856296,-0.0901968
0.0170933,-0.491786,0.459633,0.482752,0.156684,-0.13812
-0.541956,-0.823113,0.724665,0.148736,-0.238599,0.425585
-1.83254,-0.413153,0.644519,0.0205335,-0.112106,0.316663
-0.74623,-0.315862,0.551794,-0.00756133,-0.0530223,-0.14504
-0.521073,-0.458295,0.442444,-0.0148984,-0.160927,-0.214076
-0.192773,-0.55601,0.293653,0.226777,-0.0205148,-0.233905
0.196936,-0.739774,0.443751,0.0425755,0.0356016,-0.110538
-0.760933,-0.723467,0.802263,0.132412,-0.013485,0.464847
-0.606332,-0.236083,0.419312,-0.0245357,-0.0316535,0.0612037
-0.782666,0.189288,0.471453,-0.175876,-0.126463,0.128738
-0.986617,-0.268118,0.261034,-0.188884,0.0805248,-0.434831
-0.43861,-0.0291946,0.295728,0.127432,0.141385,-0.207455
0.654568,-0.177731,0.125558,0.234007,0.241664,-0.305485
-0.217723,-0.995085,0.259012,0.455656,-0.206379,0.444648
-0.856886,-0.403623,0.407708,-0.208443,-0.0687684,0.155055
-0.373983,-0.208782,0.250122,-0.186503,-0.114254,-0.0758622
-0.257749,-0.252943,0.0916447,-0.0498406,-0.130463,-0.245744
-0.258879,-0.314151,-0.0917357,0.28728,0.103601,-0.455337
0.311743,-0.627794,0.388962,0.0750338,-0.168162,0.21315
-0.366801,-0.145098,0.02002,0.142071,-0.104202,0.362971
-0.192993,0.38518,0.350588,-0.23161,-0.080892,0.121382
-1.23495,-0.36728,0.257542,-0.173625,-0.0642668,-0.190611
-0.476661,-0.291056,0.192572,0.0330463,0.135444,-0.239422
0.453381,-0.519606,0.0105585,0.35914,0.302039,-0.351922
0.316433,-0.409792,0.440987,0.289659,-0.277015,0.335236
-1.48918,-0.485513,0.340695,-0.210038,-0.129688,0.413953
-0.448359,0.161189,0.430148,-0.0352423,-0.10752,-0.203499
-0.0108347,-0.322323,0.228711,-0.0706771,-0.0364447,-0.297101
-0.217693,-0.532926,0.0444604,0.440876,-0.0345893,-0.356545
-0.0276016,-0.543001,0.473686,0.0686405,0.0246912,0.303161
-0.23085,0.142288,0.0998652,0.00712156,-0.125715,0.25285
-0.527332,0.236732,0.224219,-0.171092,-0.0846255,0.105641
-0.753717,-0.288717,0.188315,-0.18514,0.0165368,-0.362635
0.349768,-0.383649,0.133227,0.239444,0.24863,-0.274328
0.712066,-0.660227,0.340451,0.265136,0.0688897,0.00848353
-1.12324,-0.645857,0.433921,0.0837129,-0.385587,0.551844
-1.07491,0.0954361,0.430363,-0.198025,0.0695813,0.051202
0.302775,-0.0269222,0.0826597,-0.112202,-0.0467823,-0.338387
0.0419393,-0.0904334,0.302195,0.307545,0.0196601,-0.105758
-0.18161,-0.535575,0.376897,-0.0892494,0.0187484,0.00256515
-0.631139,-0.0890727,0.177861,-0.0225869,0.0364982,0.357425
-0.227903,0.220181,0.0512883,-0.21904,-0.132095,0.0750196
-0.74087,-0.124542,0.00566057,-0.188239,-0.0856558,-0.0756227
-0.370385,-0.318229,-0.0290908,0.305572,0.202243,-0.385715
0.000292893,-0.75902,0.346974,0.41283,0.0413897,0.0668429
-1.39281,-0.918759,0.636618,0.13326,-0.300149,0.482471
-1.45852,-0.278849,0.638631,-0.256077,1.25766e-05,0.186935
-0.455895,-0.210503,0.450691,0.0199609,-0.0803381,-0.299441
-0.0528364,-0.338886,0.511797,0.135674,0.0208591,-0.189417
0.0405982,-0.552972,0.297708,-0.101086,0.208059,-0.105343
0.19051,0.010431,0.0146849,0.0532959,0.147826,0.358911
0.452212,0.466167,-0.0952075,-0.29269,-0.203425,0.165397
-0.515297,0.232989,-0.0791533,-0.0654906,-0.0909302,-0.0166228
-0.0960996,0.123865,0.00646262,0.0822063,0.154455,-0.33997
0.807131,-0.233949,-0.192977,0.122007,0.355132,-0.422693
0.297026,-0.47851,0.230874,0.291703,-0.333135,0.413818
-1.36187,-0.265752,0.228622,-0.200778,0.0868593,0.435447
0.403938,0.399133,0.0343287,-0.124225,-0.00129527,-0.337507
0.681041,0.224541,-0.116288,-0.0752072,0.043264,-0.0280696
0.383178,-0.382361,-0.337844,0.0802948,0.0559934,-0.0961312
0.943013,0.929253,1.04366,0.185796,0.257912,0.240238
0.364283,0.242405,0.187985,-0.248343,-0.254808,0.0518163
0.0218075,-0.53224,0.538971,-0.315399,0.0727522,-0.0781899
-0.637148,-1.1634,0.338659,-0.14276,0.094927,0.0133243
0.0393271,-0.435858,0.0747042,-0.17637,0.266094,-0.163508
1.64244,0.565367,-0.27303,0.494037,0.685525,-0.0747454
0.225884,-0.842495,-1.47655,0.402201,0.292079,-0.309019
0.605833,-0.90668,-1.36573,-0.178141,-0.0580953,-0.0884308
1.92582,-0.955613,-0.677734,-0.159979,-0.120142,0.285947
1.21622,-0.255327,-0.0246307,0.497435,0.0710506,0.534791
1.13604,1.728,-0.247207,0.486931,-0.0239789,0.39706
-1.0258,0.228888,-0.812927,0.00575283,-0.00691508,0.157856
4.98123,2.3117,-0.158598,0.0435678,0.0992061,0.214847
-0.51846,-0.172852,-0.0370034,-0.0526199,0.0282565,0.109541
-0.65686,-0.0724515,0.507805,0.0536392,0.111973,0.112686
0.136964,0.0862252,-0.0372968,0.212076,-0.00876996,0.0887866
-0.19956,-0.301166,0.0269917,0.0451115,0.106064,-0.0622374
-0.616889,-0.835079,-0.0448315,0.0434264,0.0734324,-0.11685
-3.81049,-2.57013,0.242942,0.136854,-0.181082,-0.344543
-2.25723,-0.183244,-0.0124624,-0.0669411,-0.263909,0.646728
-0.888385,0.0510356,-0.44585,-0.0653964,0.0514813,0.148424
-0.415412,0.246541,-0.838536,-0.171254,0.251881,0.0221174
0.721726,0.514719,-1.53478,0.125787,0.128793,-0.104754
0.0958857,0.676353,-1.61403,-0.00466788,0.123162,0.169488
-0.227074,1.01941,-1.66341,-0.0942985,-0.249048,-0.133688
0.527396,0.444702,-1.95282,0.155709,-0.0417897,0.0981555
2.37373,0.542533,-3.24043,0.107758,0.0665449,-0.0434834
2.51368,0.654321,-4.61466,0.448951,-0.204619,-0.453297
-4.70184,-0.408898,-1.8301,0.12242,-0.980636,-0.080039
0.377006,-1.3862,1.03625,0.281658,0.0941557,-0.0184464
-1.88658,-2.9015,2.16695,0.180614,0.0112993,-0.0532883
-1.36288,-1.36484,2.11728,-0.0231216,-0.171666,0.0664909
1.10784,-0.191339,1.08894,-0.00753185,0.169088,-0.0570824
-0.832516,-0.190068,0.365803,-0.156521,0.00714827,-0.0743246
0.118452,-0.408066,0.118624,-0.330341,0.0828092,0.107904
-0.576157,-0.0642258,-0.251616,-0.134847,0.0746592,0.00317943
-0.264278,-0.00260673,-0.309613,-0.0244189,-0.14983,-0.131561
-0.446514,-0.166779,0.411973,-0.0886529,-0.214236,-0.103274
0.133418,0.132854,0.968862,-0.19232,-0.182621,-0.0362347
1.14361,0.361345,2.56636,0.129374,-0.159491,0.00474703
2.17648,0.721098,3.49103,0.408033,0.229526,-0.055482
-2.18835,0.811652,2.68559,0.533443,-0.15301,0.207213
-2.00724,0.0148817,2.21704,-0.072692,0.204896,-0.0310208
-0.737989,0.237211,2.23638,-0.0574793,0.216381,-0.106021
-1.3842,0.214941,1.43917,-0.0520683,0.401705,-0.141145
-1.5901,0.114717,-0.375173,-0.0858552,0.432644,-0.18202
-0.0268907,-0.0773468,-1.40874,0.130097,0.427979,-0.0751671
-0.209354,-0.822955,-2.09801,0.0776295,0.0324942,0.046656
0.146744,-0.243527,-2.29169,-0.0435419,-0.1601,0.123891
0.548961,-0.219825,-0.781688,0.0120111,-0.346944,0.156894
-1.05818,-0.108483,1.10807,0.690307,-0.316654,0.121927
-1.84523,-0.0671527,2.41157,-0.0647079,-0.18587,0.0135329
-0.576361,-0.0716708,2.20907,0.069886,0.148976,-0.0415032
-0.832938,-0.351731,1.37867,-0.153184,0.121504,0.113912
-1.15288,-0.375828,1.51012,-0.159849,0.524525,0.106887
-0.041802,0.385172,-0.202314,0.318002,0.598694,0.0954945
0.873194,0.249915,-2.01758,-0.0526857,0.360737,-0.0671258
2.09755,-0.306987,-2.30855,0.380872,0.124468,0.00693369
0.865193,-0.499422,-2.93162,-0.0993709,-0.318084,0.109125
-0.17354,-1.03288,-1.79201,0.138136,-0.416688,0.173296
-0.530878,0.0538697,0.716868,0.394532,-0.448298,0.190919
-1.0445,1.06701,3.82504,0.334494,-0.238037,0.0371361
-0.32995,0.684263,2.72222,0.370065,0.0721202,-0.09886
-2.67488,-0.378636,1.07812,-0.308402,0.0265061,-0.0554454
-0.707125,-0.584946,1.23534,-0.077284,0.508716,-0.00499958
0.0577284,0.259376,0.594866,0.233986,0.529585,0.00098151
-0.218615,0.165575,-1.24115,-0.270756,0.355433,-0.091637
1.71631,-0.215544,-2.10436,0.23608,0.238532,0.0169101
0.411183,-0.510545,-2.76977,-0.0406408,-0.223716,0.0688052
0.15462,-0.66604,-2.00579,0.0759072,-0.373789,0.132242
-0.455331,-0.215986,0.367379,0.439203,-0.406158,0.0827218
-0.484192,0.889207,2.56859,0.254911,-0.249678,0.0339679
0.289685,0.53288,1.94128,0.211667,-0.0807703,-0.080797
-2.68067,-0.382593,0.645402,-0.269821,-0.130945,0.12595
-1.6307,-0.211437,1.23801,-0.0882725,0.298213,0.0144798
0.158943,0.98147,1.24125,0.038261,0.270893,-0.0339098
-0.609398,0.209159,-0.311215,-0.0304942,0.252019,-0.27086
-0.737029,-0.948788,-1.5938,0.278362,0.0652611,-0.116866
-0.294164,-0.861524,-2.20066,-0.229658,-0.149838,-0.145702
-0.243751,-0.913441,-0.714987,-0.0124036,-0.367817,0.0643909
-0.775558,-0.149514,0.977969,0.0724144,-0.273195,0.0558581
-0.567283,0.785988,2.75913,0.583649,-0.00815997,-0.000724912
-1.3616,-0.173196,0.621203,-0.0185704,-0.0757291,-0.193468
-2.5089,-1.19762,-0.491908,-0.270252,-0.156335,-0.0242393
-1.88503,-1.00412,0.47398,-0.148283,0.0243359,-0.108959
-0.170977,-0.301373,0.530334,0.227367,0.185765,-0.0901012
-0.0191705,-0.493141,0.275717,0.0201852,0.107485,-0.14599
0.197866,-0.623568,-0.301724,0.180077,0.0726115,0.0835894
-0.440713,-0.699193,-1.06436,-0.334017,-0.0963556,0.0521461
0.389431,-1.00431,-0.483379,0.0567869,-0.115115,-0.00396037
-0.665999,-1.16509,-0.0311321,0.234309,-0.155169,0.0610772
-0.853941,-0.602924,1.27444,0.33567,-0.0684364,0.102117
-0.388709,-0.431304,0.658573,0.260048,-0.0739322,-0.0222032
2.0864,-0.778171,0.678636,-0.0931489,-0.116309,-0.130906
0.550436,-0.728935,1.29227,-0.140822,-0.163995,-0.00869322
0.147494,0.231796,1.35398,0.137808,0.096183,0.0759733
0.084463,0.638093,0.933345,-0.0133721,-0.0428484,0.147339
-1.443,0.15601,0.698897,-0.00848693,-0.096872,0.0793073
0.00865192,0.0201552,0.605847,0.14584,0.123945,0.0475983
2.27894,0.390026,0.52113,0.0596021,0.0483166,0.253215
1.33127,0.916403,0.579343,0.101437,-0.258688,0.196112
0.51398,0.663258,0.23816,-0.0290137,0.0451004,0.0434297
-0.226129,-0.132683,-0.154778,0.0266029,0.0743837,-7.236e-05
-0.132096,-0.463323,-0.436488,0.0119416,0.0677398,-0.0479881
-0.364448,-0.463479,-0.626472,-0.0920053,0.13148,-0.0236983
-0.570307,-0.135188,-0.513979,0.157522,-0.155564,0.224607
-0.281405,0.272184,-0.169363,0.0487361,0.0362602,0.0967336
-0.0941088,0.514419,-0.230065,-0.000924289,0.321656,0.135914
0.103877,0.661289,-0.454651,0.0374992,-0.0670252,-0.233138
-0.404383,0.702878,-0.104235,-0.158806,-0.13303,0.117881
-0.5664,1.25044,0.192912,-0.294382,-0.199515,-0.137579
-0.341521,1.35678,0.0146314,-0.0435888,-0.126408,0.0609456
-0.099621,1.22737,0.0313335,-0.00694406,-0.0239216,0.056649
-0.0634841,1.63625,0.513895,-0.00248492,-0.208408,-0.00365984
0.440892,1.25789,0.613327,0.0735155,-0.232765,-0.0461999
0.316615,0.702097,0.371792,0.106729,0.171733,-0.119073
0.872657,0.482817,-0.168544,0.0402532,0.193828,-0.0225917
0.0531791,0.739424,-0.386965,0.0623621,0.147865,-0.0186929
-0.668153,0.401852,-0.710151,0.155316,0.0236911,-0.264154
-2.61071,-1.42583,-0.925672,0.183737,-0.592957,-0.502835
-1.44541,-3.58834,-0.0792412,-0.175648,-0.588433,-0.792686
3.20646,-3.86243,-0.255573,0.101289,0.0795597,-0.0665469
-0.6655,-3.81221,-1.3132,0.404785,0.75436,0.893607
-2.56309,-2.12241,-3.41153,0.155097,0.178759,0.599736
-0.27202,-1.8313,-3.93372,0.535181,0.132291,0.228099
-1.2228,-1.38869,-0.468765,0.56909,0.310095,-0.184856
-1.84955,-0.771845,0.149932,0.0316656,0.0546539,-0.315072
-0.955438,-0.195291,-0.232965,-0.367922,-0.15056,-0.138464
-0.0359706,0.198857,-0.457519,-0.231957,0.18187,0.0790935
-0.0687682,0.603736,-0.454925,-0.121068,0.0588692,0.114871
-0.0895513,0.633055,-0.191287,0.0704734,0.0595527,0.0375655
0.60945,0.396053,0.191099,0.120502,0.107623,-0.0952018
0.105165,0.179224,-0.0177316,0.0033424,0.0504784,-0.0301101
0.148715,0.00430422,0.153449,0.088294,-0.0628978,-0.0741786
0.18465,-0.0104499,0.284031,0.0242474,-0.00602192,0.0071038
0.627103,0.0733578,0.143039,0.0218817,0.079632,0.0479894
0.483129,-0.0466364,0.488387,-0.00356209,-0.0278667,0.0325263
-0.424725,-0.384531,0.511753,-0.11002,0.16678,0.102136
-1.97363,-1.26684,0.470005,0.0420336,0.0164618,-0.0346457
-0.0348104,-0.470598,0.331066,-0.00382663,-0.0514498,0.0210559
0.198998,0.25349,0.343275,0.0724729,-0.122879,-0.063937
